{
  "activation": "relu",
  "hidden_size": 2,
  "batch_size": 16,
  "learning_rate": 0.005,
  "epochs": 50,
  "num_processes": 4,
  "sample_size": -1,
  "train_rmse": 1.626217777127412,
  "test_rmse": 2.7042055248960812,
  "training_time": 176.04074215888977,
  "loss_history": [
    1.2557372966414546,
    2.682819866934916,
    1.8501198118019144,
    1.9072684281011307,
    0.38473644819490144,
    1.2853589808636088,
    0.43789338195039174,
    0.7923684109090132,
    1.186786482354106,
    0.6262125910395295,
    1.4132149960507847,
    1.7406008293725561,
    0.44353752717503203,
    1.1158014097472573,
    1.331518254022309,
    1.795503792866704,
    1.4256652424248784,
    1.5891097110712429,
    1.8596637180879654,
    2.11894205681139,
    0.9564352908429521,
    1.7524523531290264,
    1.1551739417874098,
    0.47517580622151767,
    1.1752373491478294,
    0.9124034812367893,
    0.5221308852358909,
    0.5490304773274531,
    1.1123807845933404,
    0.43221878893737387,
    0.7662421195841466,
    0.9897640675574442,
    0.8691281754476906,
    2.0549437073121766,
    1.2755374811298963,
    0.5759727229056568,
    1.2607242728998407,
    1.2280299278052995,
    1.0410492207822126,
    1.1429005038293476,
    1.1939935836909767,
    0.7297571610290661,
    0.5360356842179931,
    0.6600845125390038,
    0.38894527860962813,
    1.2299545379719714,
    1.3215622843241983,
    1.8759744982455615,
    0.6606410092748932,
    0.7829576361323909
  ],
  "train_rmse_history": [
    1.8999844707101845,
    1.8610662413149295,
    1.8377554269620668,
    1.8065166429722106,
    1.76854737376711,
    1.7406255814322165,
    1.7235196069807694,
    1.6953623767111778,
    1.6675790363628529,
    1.6493581168760763,
    1.626217777127412
  ],
  "test_rmse_history": [
    2.9048574430804757,
    2.875853490153598,
    2.8583377834469132,
    2.835073095901035,
    2.8070157598573853,
    2.7867228387387395,
    2.7744261338649476,
    2.753588117792104,
    2.7335441700256746,
    2.7205475661225487,
    2.7042055248960812
  ]
}