{
  "activation": "relu",
  "hidden_size": 4,
  "batch_size": 16,
  "learning_rate": 0.005,
  "epochs": 50,
  "num_processes": 4,
  "sample_size": -1,
  "train_rmse": 0.8318539579972544,
  "test_rmse": 1.9724271677884988,
  "training_time": 297.44157695770264,
  "loss_history": [
    0.24702893910184537,
    0.7637987795886136,
    0.4750017949890044,
    0.40190068527447453,
    0.20904733612547777,
    0.3883717386286506,
    0.49261498302108675,
    0.6148642795039834,
    0.6316351527455404,
    0.5103658391112773,
    0.2748200203330092,
    0.3766964426304289,
    0.6524006592575002,
    0.4271148336349244,
    1.9195754797638895,
    0.2304043843300841,
    0.624909083754886,
    0.3919513267582354,
    0.6380770040206943,
    0.2576163946154956,
    0.5403955657940788,
    0.3821663788652291,
    0.24028598013234168,
    0.25004595617197467,
    0.6741611714278133,
    0.2194388022501991,
    0.8842891003887096,
    0.3321198609527827,
    0.4608171841022354,
    0.35460398094970214,
    0.33443887322523347,
    0.648515384312031,
    0.14338704685417575,
    0.11842659582319477,
    0.4201519092655212,
    0.299635284499436,
    0.37236640389794573,
    0.4514353557580907,
    0.14811817993334178,
    0.3251449387906306,
    0.6343644524539501,
    0.6315108530664815,
    0.604631351303705,
    0.23619851577303302,
    0.49439696602654426,
    0.20848789966297765,
    0.5705778250975031,
    0.6160304126045741,
    0.4797801876791054,
    0.25967102802157654
  ],
  "train_rmse_history": [
    0.9659486429541824,
    0.9514538981534595,
    0.9361855428179278,
    0.9164641751738642,
    0.9017091342377817,
    0.8907645170542806,
    0.8763273146921305,
    0.8672631848810138,
    0.8562193912887126,
    0.8432034032567345,
    0.8318539579972544
  ],
  "test_rmse_history": [
    2.0326525226106944,
    2.0258042000032206,
    2.0186798803440316,
    2.009598833568873,
    2.0029096914449998,
    1.9980046626706414,
    1.9916042133777783,
    1.987632767633505,
    1.9828387732934132,
    1.9772467471000925,
    1.9724271677884988
  ]
}