{
  "activation": "relu",
  "hidden_size": 8,
  "batch_size": 16,
  "learning_rate": 0.005,
  "epochs": 50,
  "num_processes": 4,
  "sample_size": -1,
  "train_rmse": 1.3050757802722404,
  "test_rmse": 2.3449974604323414,
  "training_time": 344.43380999565125,
  "loss_history": [
    0.29525887257042016,
    0.5489320927895993,
    0.6196270604164057,
    1.1327118778594434,
    0.9001539833115988,
    1.0195075097609898,
    0.7097736407033275,
    0.47882199581738855,
    0.6310374468700497,
    1.1155663113799787,
    0.40421961854546373,
    0.5617777411893738,
    0.3262654659492987,
    0.4800466624405044,
    0.3423349656060149,
    0.41571460690775425,
    0.5362063869736928,
    0.47207888350035826,
    0.5083797035196831,
    0.39079776477510697,
    0.5933212867473472,
    0.5285063023068014,
    0.5851703004507938,
    0.566019945863511,
    0.9471558836034137,
    0.5203127457821981,
    0.5045433572928921,
    0.5889026054630739,
    0.4034965289004167,
    0.31963042760866267,
    0.5581297458467916,
    0.48187746788810515,
    0.3327293329350606,
    0.6676637978679152,
    0.3765542091649178,
    0.47838545165086777,
    0.5943038996607279,
    0.48775492628222034,
    0.47515580151711045,
    0.3734122870697359,
    0.3299715829496055,
    0.3965324382065326,
    0.7208955727345798,
    0.7570557139471455,
    0.8900588302913063,
    0.4177691349881414,
    0.5097338299650924,
    0.4914045527511284,
    0.6936199041689771,
    0.25438431153020735
  ],
  "train_rmse_history": [
    1.4459973774376003,
    1.4235292557327883,
    1.404774021325304,
    1.3953041375866486,
    1.3811979789077087,
    1.3633383481441346,
    1.352480938286113,
    1.3422008381435568,
    1.3291797318890268,
    1.3131902781424842,
    1.3050757802722404
  ],
  "test_rmse_history": [
    2.4398635333811427,
    2.4244302463042624,
    2.411819893193035,
    2.405599979886496,
    2.3959309618006643,
    2.383888316820253,
    2.3766856326926478,
    2.369824364295201,
    2.361332078835005,
    2.350149453167605,
    2.3449974604323414
  ]
}