{
  "activation": "relu",
  "hidden_size": 75,
  "batch_size": 128,
  "learning_rate": 0.005,
  "epochs": 50,
  "num_processes": 4,
  "train_rmse": 1.6774772031054934,
  "test_rmse": 1.6850016837248074,
  "training_time": 7044.245685100555,
  "loss_history": [
    1.3263928897129564,
    1.2290763065298078,
    1.7362826357536902,
    1.8685294011928644,
    1.217810505184307,
    1.0159537531293465,
    1.4392904553874046,
    1.9373976145044745,
    1.1080005770993078,
    1.7255043567717019,
    1.8902621176950845,
    1.4556070263999348,
    1.7698705373206796,
    1.0794389476747202,
    1.5281045527159194,
    1.5589102812385325,
    1.3079634451270756,
    1.5459885694395308,
    1.300062533129621,
    1.4787953689397981,
    1.4234568099425324,
    1.2778820554007722,
    1.8681824747238638,
    1.3772839924643772,
    1.1540596092497013,
    1.0023830793904793,
    0.9335111403433947,
    2.0926533024596554,
    1.0996735804664235,
    1.5723332757856354,
    1.7846504005781076,
    1.702763949475374,
    1.4605243843582776,
    1.3298473511576763,
    1.581173123286782,
    1.4461786728798915,
    1.5705105578904477,
    1.922897060847414,
    1.5324127563877377,
    1.8030234006797714,
    1.6665596120807589,
    1.3910419966053986,
    0.9175545283123782,
    1.1854055208489105,
    1.3014675588941764,
    1.4150435653440236,
    1.812853996151694,
    1.5276273528332305,
    1.0743035428243868,
    1.125061104526064
  ],
  "train_rmse_history": [
    1.771735568497015,
    1.7621248693442102,
    1.7510459341574665,
    1.7418094749063875,
    1.7324217096060817,
    1.7236224452762512,
    1.7138828429924369,
    1.7038617928694255,
    1.6928117223020287,
    1.684958735645837,
    1.6774772031054934
  ],
  "test_rmse_history": [
    1.7837580896175496,
    1.7736515211878767,
    1.7620249470007616,
    1.7523865688425204,
    1.742511583932984,
    1.7332935228291018,
    1.7231042772250955,
    1.7126113489625787,
    1.7010377065526086,
    1.6928213665383007,
    1.6850016837248074
  ]
}