{
  "activation": "relu",
  "hidden_size": 6,
  "batch_size": 16,
  "learning_rate": 0.005,
  "epochs": 50,
  "num_processes": 4,
  "sample_size": -1,
  "train_rmse": 0.81562341886386,
  "test_rmse": 1.9969139888841134,
  "training_time": 296.896999835968,
  "loss_history": [
    0.4069349592466492,
    0.40347551117866165,
    0.27288844673519924,
    0.21328946168013585,
    0.3112298551851727,
    0.3009986860037807,
    0.5746283216308852,
    0.34616360691059234,
    0.2811062576925126,
    0.19169256865346107,
    0.34064599807039875,
    0.452416784864908,
    0.3161225041554594,
    0.4728221407307871,
    0.3541955023588741,
    0.27131671410422353,
    0.4107378220294309,
    0.3169600242300221,
    0.280388480867076,
    0.36823675783148435,
    0.35660257351130054,
    0.43128971961716633,
    0.48490507191937915,
    0.37455363681684994,
    0.2532011575344869,
    0.32494049290076676,
    0.15462317014070726,
    0.4410951872906759,
    0.42316893168471603,
    0.26964402582685065,
    0.36344278095128363,
    0.2831133376409066,
    0.4983395343304011,
    0.2561175077252016,
    0.5155949635336563,
    0.0980816800860812,
    0.4674888138717337,
    0.09491960598239413,
    0.47304110056586873,
    0.40870403493915497,
    0.22453341378755587,
    0.37612756701169847,
    0.18418660367225936,
    0.241775470565382,
    0.21148465317145537,
    0.24350455000135757,
    0.5048636223966991,
    0.36606503263409,
    0.09377679177041731,
    0.29639730389790137
  ],
  "train_rmse_history": [
    0.8832292515420096,
    0.8769089838948626,
    0.8688395922592334,
    0.8615441189602561,
    0.8538726876005823,
    0.8464908203497031,
    0.8388368763664312,
    0.8319392712923137,
    0.8250392776193932,
    0.8195136143360424,
    0.81562341886386
  ],
  "test_rmse_history": [
    2.025234772948444,
    2.022460914242468,
    2.019071290525573,
    2.0159333220189066,
    2.012738876279878,
    2.009604252068411,
    2.006502988180841,
    2.003697415658374,
    2.00085959437095,
    1.9986371355900818,
    1.9969139888841134
  ]
}